<beans xmlns="http://www.springframework.org/schema/beans"
       xmlns:xsi="http://www.w3.org/2001/XMLSchema-instance"
       xmlns:p="http://www.springframework.org/schema/p"
       xmlns:jdbc="http://www.springframework.org/schema/jdbc"
       xmlns:context="http://www.springframework.org/schema/context"
       xmlns:mvc="http://www.springframework.org/schema/mvc"
       xsi:schemaLocation="http://www.springframework.org/schema/beans 
                           http://www.springframework.org/schema/beans/spring-beans.xsd
                           http://www.springframework.org/schema/context 
                           http://www.springframework.org/schema/context/spring-context.xsd
                           http://www.springframework.org/schema/mvc                                                
                           http://www.springframework.org/schema/mvc/spring-mvc.xsd
                           http://www.springframework.org/schema/jdbc
                           http://www.springframework.org/schema/jdbc/spring-jdbc-3.2.xsd">


   <context:component-scan base-package="com.controllers, com.services, com.daos"/>
   <mvc:resources mapping="/resources/**" location="/resources/"/>
   <mvc:annotation-driven/>


   <bean class="org.springframework.web.servlet.view.InternalResourceViewResolver">
      <property name="prefix" value="/jsp/" />
      <property name="suffix" value=".jsp" />
   </bean>
 
	<bean id="sessionFactory" class="org.springframework.orm.hibernate4.LocalSessionFactoryBean">
		<property name="dataSource" ref="mydataSource" />
		 <property name="annotatedClasses">    
            <list>    
                <value>com.model.Flight</value>   
                <value>com.model.FlightDetails</value> 
            </list>    
        </property>  
		
		<property name="hibernateProperties">
			<props>
				<prop key="hibernate.show_sql">true</prop>
				<prop key="hibernate.dialect">org.hibernate.dialect.DerbyDialect</prop>			
			</props>
		</property>

	</bean>

<jdbc:embedded-database id="mydataSource" type="DERBY">
   <jdbc:script location="classpath:schema1.sql"/>
</jdbc:embedded-database>

 	
</beans>